Country,Year,Mental _hospitals,health_units,outpatient _facilities,day _treatment,residential_facilities
Afghanistan,2016,0.003,0.012,0.006,,
Albania,2016,0.068,0.068,0.41,,0.445
Algeria,2016,0.048,0.068,0.048,,
Angola,2016,0.011,,,,0.014
Antigua and Barbuda,2016,1.001,,,,
Argentina,2016,0.937,1.071,1.72,,0.152
Armenia,2016,,0.069,1.371,0.034,
Azerbaijan,2016,0.114,0.021,0.156,0.094,0.031
Bangladesh,2016,0.001,0.035,0.055,,0.045
Belarus,2016,0.2,0.063,0.116,0.285,
Belize,2016,,1.948,2.227,0.278,0.278
Bhutan,2016,,0.127,3.556,,
Bolivia (Plurinational State of),2016,0.075,0.009,0.009,,
Brazil,2016,0.069,0.115,1.491,,0.267
Brunei Darussalam,2016,,0.479,2.634,0.718,0.479
Bulgaria,2016,0.167,0.307,0.307,5.935,1.783
Burkina Faso,2016,,0.287,,,
Cambodia,2016,,0.006,1.134,,
Chad,2016,,0.007,0.007,,
Chile,2016,0.023,0.175,0.839,0.315,1.171
Colombia,2016,1.988,0.222,0.292,,
Congo,2016,,0.04,0.02,,
Cook Islands,2016,,,5.731,5.731,5.731
Costa Rica,2016,0.042,0.042,1.706,0.125,0.042
CÃ´te d'Ivoire,2016,0.009,0.013,0.017,0.022,
Croatia,2016,0.165,0.519,3.093,0.803,
Cuba,2016,0.166,0.148,2.932,0.445,1.213
Dominican Republic,2016,,0.076,1.748,0.019,
Ecuador,2016,0.025,0.173,0.242,3.01,
Egypt,2016,0.019,,0.031,0.011,
El Salvador,2016,0.032,0.253,0.729,,
Eritrea,2016,0.021,0.206,0.227,,
Estonia,2016,0.152,0.684,14.82,17.176,3.496
Fiji,2016,0.112,0.336,3.363,0.112,
Gabon,2016,0.052,,0.052,,
Georgia,2016,0.228,0.076,0.683,0.101,
Ghana,2016,0.011,1.095,2.378,0.018,0.015
Greece,2016,0.027,0.33,1.346,1.319,6.178
Grenada,2016,0.936,0.936,10.297,,
Guatemala,2016,0.006,0.006,1.434,,0.006
Guinea,2016,,0.008,,,
Guinea-Bissau,2016,0.056,,0.056,,
Guyana,2016,0.13,0.13,0.26,,
Haiti,2016,0.019,0.009,0.131,,
Hungary,2016,,2.647,8.269,0.02,0.286
Iceland,2016,0.303,4.542,3.028,,
India,2016,0.01,0.03,0.176,0.023,0.017
Indonesia,2016,0.019,0.104,,,
Ireland,2016,0.617,0.617,3.83,0.085,4.468
Israel,2016,0.161,0.136,,,1.637
Japan,2016,8.314,0.45,7.223,3.759,0.366
Jordan,2016,0.055,0.033,0.513,,
Kenya,2016,0.002,0.032,0.068,,
Kyrgyzstan,2016,0.085,0.136,1.159,0.051,
Liberia,2016,0.022,0.067,0.622,,
Libya,2016,0.032,,,,
Lithuania,2016,0.136,0.682,3.922,,
Madagascar,2016,0.021,0.045,,0.004,0.008
Malaysia,2016,0.013,0.153,0.316,3.118,
Mali,2016,,0.006,,,
Mexico,2016,0.029,0.006,0.126,0.079,0.012
Monaco,2016,,2.61,5.221,5.221,
Mongolia,2016,0.034,0.47,0.067,,
Montenegro,2016,0.318,0.318,,,
Morocco,2016,0.032,0.08,0.371,0.101,0.069
Mozambique,2016,0.007,0.039,0.768,0.021,
Myanmar,2016,0.004,0.042,0.073,,
Namibia,2016,,0.082,0.082,,0.041
Nauru,2016,,,8.881,,
Nepal,2016,0.021,0.063,0.112,,
New Zealand,2016,,0.607,,,
Niger,2016,,0.033,1.685,0.019,
Norway,2016,0.577,0.481,1.308,0.885,
Pakistan,2016,0.006,0.422,2.3,,0.305
Panama,2016,0.025,0.277,2.696,0.025,
Paraguay,2016,0.03,0.03,1.416,0.015,0.09
Peru,2016,0.01,0.057,0.166,0.016,0.022
Philippines,2016,0.001,0.083,0.211,0.002,0.058
Poland,2016,0.125,0.261,3.207,0.716,
Portugal,2016,0.029,0.288,0.701,0.518,0.269
Qatar,2016,0.038,0.038,0.344,0.115,0.076
Republic of Korea,2016,0.358,0.389,1.789,0.134,0.427
Romania,2016,0.171,0.392,0.911,0.277,
Rwanda,2016,0.017,0.396,0.404,,
Saint Lucia,2016,0.564,,19.751,,
Samoa,2016,0.516,0.516,12.387,0.516,4.645
Sao Tome and Principe,2016,,0.511,0.511,,
Saudi Arabia,2016,0.079,0.013,0.507,,0.013
Senegal,2016,0.007,0.027,0.04,,0.027
Seychelles,2016,1.067,,2.134,1.067,1.067
Singapore,2016,0.018,0.072,0.217,0.163,0.054
Slovenia,2016,0.241,0.048,5.832,2.121,3.518
South Africa,2016,0.116,0.072,0.11,,
South Sudan,2016,,0.008,0.008,,
Syrian Arab Republic,2016,0.016,0.016,2.263,,
Tajikistan,2016,0.035,0.129,0.164,,
Thailand,2016,0.028,0.151,1.302,0.007,
Timor-Leste,2016,,0.081,6.527,,0.161
Togo,2016,0.013,0.108,0.04,,0.04
Tonga,2016,0,0.94,0.94,,
Turkey,2016,0.011,0.455,0.19,,0.174
Uganda,2016,0.002,0.032,0.942,,
Ukraine,2016,0.139,0.052,0.049,1.576,
United Arab Emirates,2016,0.011,0.055,0.524,,0.033
United States of America,2016,0.189,0.349,0.373,,
Uruguay,2016,0.321,0.699,,0.612,
Uzbekistan,2016,0.081,0.013,0.084,0.052,
Vanuatu,2016,,0.756,2.645,,
Viet Nam,2016,0.043,0.017,0.009,,
Yemen,2016,0.033,0.026,0.063,,
Zambia,2016,0.062,0.062,0.205,,0.019
Zimbabwe,2016,0.025,0.025,0.057,0.006,0.051
